<?xml version="1.0" encoding="UTF-8"?>
<beans xmlns="http://www.springframework.org/schema/beans"
	xmlns:xsi="http://www.w3.org/2001/XMLSchema-instance"
	xmlns:tx="http://www.springframework.org/schema/tx"
	xmlns:jdbc="http://www.springframework.org/schema/jdbc"
	xmlns:context="http://www.springframework.org/schema/context"
	xsi:schemaLocation="http://www.springframework.org/schema/jdbc http://www.springframework.org/schema/jdbc/spring-jdbc-4.1.xsd
		http://www.springframework.org/schema/beans http://www.springframework.org/schema/beans/spring-beans.xsd
		http://www.springframework.org/schema/context http://www.springframework.org/schema/context/spring-context-4.1.xsd
		http://www.springframework.org/schema/tx http://www.springframework.org/schema/tx/spring-tx-4.1.xsd">

	<tx:annotation-driven/>

<context:component-scan      base-package="com.way2learnonline.service,com.way2learnonline.dao"/>

<!-- 

<jdbc:initialize-database data-source="ds">
	<jdbc:script location="classpath:data.sql"/>
</jdbc:initialize-database>
 -->
	<bean id="ds" class="org.apache.commons.dbcp.BasicDataSource">
		<property name="driverClassName" value="org.gjt.mm.mysql.Driver"/>
		<property name="url" value="jdbc:mysql://localhost:3306/way2learnonlinedb"/>
		<property name="username" value="root"/>
		<property name="password" value="root"/>
		<property name="initialSize" value="10"/>
		<property name="maxActive" value="200"/>
		<property name="maxWait" value="-1"/>
		<property name="maxIdle" value="10"/>
		<property name="validationQuery" value="SELECT 1"/>
		  <property name="testOnBorrow" value="true"/>
	</bean>  
	
	<bean id="sessionFactory" class="org.springframework.orm.hibernate5.LocalSessionFactoryBean">
		<property name="dataSource" ref="ds"/>
		<property name="packagesToScan" value="com.way2learnonline.entity" />
		
		<property name="hibernateProperties">
			<props>
				<prop key="hibernate.dialect">org.hibernate.dialect.MySQL5InnoDBDialect</prop>
				<prop key="hibernate.hbm2ddl.auto">update</prop>
			</props>
		</property>
		
	</bean>
	
	<bean id="transactionManager" class="org.springframework.orm.hibernate5.HibernateTransactionManager"> 
		<property name="sessionFactory" ref="sessionFactory"/>
	</bean>  
	 
 
</beans>
